Word;Answer;Option
Ge___o;ni;gn
Coni___o;gli;li
___acchiera;sc;ci  
___omo;gn;ni  
A___io;gl;l  
Agne___o;ll;l
A__ello;gn;ni  
Ba___o;gn;ni  
Bi___cletta;ci;chi  
Bo___hetta;cc;c  
Bo___iglia;tt;t  
Bo___one;tt;t  
Borse___a;tt;t  
Brac___a;ci;chi  
Ca___apanca;ss;s  
Ca___ettiera;ss;s  
Casse___iera;tt;t  
Ca___etto;rr;r  
Ca___olino;gn;ni  
Ca___one;gn;ni  
Camere___a;tt;t  
Cami___a;ci;chi  
Casse___a;tt;t  
Casse___o;tt;t  
Co___ega;ll;l  
Co___etto;rr;r  
Co___ome;gn;ni  
Colte___ino;ll;l  
Coni___o;gli;li  
Cu___hiaio;cc;c  
Cu___na;ci;cci  
Fa___ia;cc;c  
Fa___oletto;zz;z  
Fi___o;gli;li  
Fo___tto;glie;lie  
Forbi___;ci;ce  
Fri___ata;tt;t  
Ga___ina;ll;l  
Ga___ino;tt;t  
Gabbie___a;tt;t  
Ge___etto;ss;s  
Go___e;mm;m  
Go___ellina;nn;n  
Go___iolina;cc;c  
Le___era;tt;t  
Le___erina;tt;t  
Le___ino;tt;t  
Ma___hinina;cc;c  
Ma___inata;tt;t  
Ma___one;tt;t  
Maglie___a;tt;t  
Ombre___one;ll;l  
Orolo___o;gi;ggi  
Pa___a;ll;l  
Pa___agallo;pp;p  
Pa___aggio;ss;s  
Pa___atempo;ss;s  
Pa___ero;ss;s  
Pa___olino;nn;n  
Pagno___a;tt;t  
Pe___a;nn;n  
Pe___e;sc;ci  
Pe___ello;nn;n  
Pennare___o;ll;l  
Pi___a;zz;z  
Profe___ione;ss;s  
Racche___a;tt;t  
Racco___tore;gli;li  
Rote___a;ll;l  
S___alle;ci;chi  
S___mmia;ci;chi  
Scale___a;tt;t  
Scarpe___a;tt;t  
Sci___ietta;mm;m  
Scio___o;cc;c  
Scode___a;ll;l  
Spiag___a;gi;ggi  
Te___a;rr;r  
Zaine___o;tt;t
Fami___a;gli;li  
Coni___etto;gli;li  
Bi___etto;gli;li  
Ta___atella;gli;li  
Consi___o;gli;li  
Abba___o;gli;li  
Ta___are;gli;li  
Sve___;glia;lia  
Botti___;glia;lia  
Pa___ccio;glia;lia  
Fi___astro;gli;li  
Abba___are;gli;li  
Meravi___a;gli;li  
So___ola;gli;li  
Abbi___amento;gli;li  
A___eno;li;gli
A___evo;lli;gli
A___ante;li;gli
Bi___a;gli;li
Ame___a;li;gli
Mo___e;gli;li
Soma___a;li;gli
Sici___a;li;gli
Came___a;li;gli
C___lo;ie;e
G___lo;e;ie;
Cana___a;gli;li